text,label
I will kill you,0
I will hurt you badly,0
They deserve to die,0
Violence is the only solution,0
I want to attack you,0
Kill them all,0
I will beat you up,0
They should be eliminated,0
I want revenge with violence,0
Destroy them violently,0
I will stab you,0
I will shoot you,0
Hang them now,0
I want blood,0
Crush them completely,0
Break his bones,0
Smash their heads,0
I will murder you,0
Attack them immediately,0
They must suffer,0
Violence is justified here,0
I will burn your house,0
You should be killed,0
Execute them all,0
I will torture you,0
Slaughter the enemy,0
No mercy for them,0
End their lives,0
I will destroy you,0
Beat them to death,0
I want to harm you,0
Kill the enemy now,0
Violent revenge is needed,0
I will punch you,0
Kick them violently,0
Attack with full force,0
They deserve punishment by death,0
I will cut you,0
Shoot them now,0
Destroy their lives,0
I hate you and want violence,0
Break everything violently,0
I will make you suffer,0
Kill without mercy,0
Violence is necessary,0
I will smash you,0
Strike them hard,0
I will assassinate you,0
End them violently,0
I want to kill everyone,0
Attack and destroy,0
I will rip you apart,0
They must be wiped out,0
Violent action is required,0
I will hurt them badly,0
Kill the traitors,0
Destroy the enemy completely,0
I will choke you,0
Beat them mercilessly,0
Violence solves problems,0
I will crush you,0
Attack them with weapons,0
They should be executed,0
I want to spill blood,0
I will burn them alive,0
Kill now ask later,0
Violence is the answer here,0
I will hunt you down,0
They deserve violent death,0
Attack relentlessly,0
I will strike you down,0
Kill them without regret,0
I want to destroy everything,0
Violent punishment is needed,0
I will make them bleed,0
Shoot to kill,0
End their existence,0
I will annihilate you,0
Violence must be used,0
Attack until nothing remains,0
They must be killed today,0
I will terrorize you,0
Destroy with violence,0
Kill or be killed,0
I will break you,0
Violence is unavoidable,0
I will eliminate everyone,0
Attack without mercy,0
They should suffer pain,0
I will ruin you violently,0
Kill them all tonight,0
I will finish you,0
Violence is my response,0
I will destroy your body,0
Attack and eliminate,0
They deserve to be slaughtered,0
I will beat you violently,0
Kill them completely,0
I will end you now,0
Violence is the only way,0
I will harm everyone,0
Attack and kill,0
They must die painfully,0
I will cause destruction,0
Kill everything in sight,0
I will fight violently,0
Violence brings justice,0
I will destroy them all,0
Attack with deadly force,0
They should be wiped out forever,0
I will break every bone,0
Kill the opposition,0
I will cause bloodshed,0
Violence is required now,0
I will crush all enemies,0
Attack and dominate,0
They deserve violent punishment,0
I will strike with violence,0
Kill them instantly,0
I will bring destruction,0
Violence must happen,0
I will finish them violently,0
Attack with rage,0
They should not survive,0
I will kill without hesitation,0
Violence is justified completely,0
I will eliminate the enemy,0
Attack until death,0
They deserve no mercy,0
I will end all of them,0
Violence is my choice,0
I will destroy everyone,0
Attack to annihilate,0
They must be destroyed violently,0
Destroy the government,1
Overthrow the state,1
The government must fall,1
Down with the state system,1
End the current government,1
Reject state authority,1
The state is illegitimate,1
We must overthrow the regime,1
Dismantle the government now,1
No more government control,1
The state should collapse,1
Burn government offices,1
Remove all state power,1
The government is the enemy,1
Revolution against the state,1
Abolish the government system,1
The state must be destroyed,1
Fight against the government,1
Down with the ruling system,1
End the state completely,1
The government has no legitimacy,1
Reject all state laws,1
The regime must be overthrown,1
Destroy state institutions,1
No government should exist,1
The state is oppressive,1
We must end government rule,1
Down with national authority,1
Break the state structure,1
The government is corrupt and must fall,1
Dismantle the state apparatus,1
End centralized government,1
Remove the ruling power,1
The state controls too much,1
We need a revolution now,1
Overthrow the political system,1
The government should be abolished,1
End the state monopoly,1
Fight state control,1
The regime must collapse,1
No more state rule,1
Destroy the political order,1
The government is invalid,1
Remove the constitution,1
End state governance,1
Down with federal authority,1
The state is our enemy,1
Rebel against the government,1
The system must be torn down,1
Abolish state power,1
The government must be removed,1
Destroy the ruling elite,1
End all government systems,1
Reject national authority,1
The state should not exist,1
Overthrow leadership now,1
Break government control,1
End the political regime,1
The government is a fraud,1
Remove state dominance,1
Fight the ruling class,1
The state is illegitimate and must fall,1
End the government era,1
Destroy public authority,1
The political system must collapse,1
Reject state legitimacy,1
The government has failed and must go,1
Overthrow power structures,1
End the state completely now,1
The regime is unlawful,1
Break the system entirely,1
Destroy state influence,1
No loyalty to the government,1
End government oppression,1
The state must be dismantled,1
Revolution against authority,1
The government is unjust,1
Remove state institutions,1
End the ruling order,1
Down with all governments,1
The state must be erased,1
Overthrow national leadership,1
End political control,1
The government is tyranny,1
Break state power,1
Destroy government legitimacy,1
No state no rulers,1
End the authoritarian system,1
The government must collapse now,1
Reject the entire political system,1
Destroy the state framework,1
The regime should end today,1
End all forms of government,1
Fight against state dominance,1
The state is broken and must fall,1
Remove political authority,1
End the government monopoly,1
Destroy the state structure completely,1
The government has lost all authority,1
Overthrow the state now,1
End the political establishment,1
The state should be dismantled today,1
Reject all government systems,1
Destroy state power entirely,1
The regime must be eliminated,1
End state rule forever,1
The government must be destroyed,1
Overthrow all authority,1
No more political rulers,1
The state must be abolished now,1
Destroy the governing system,1
End government domination,1
The political regime is invalid,1
Break the authority system,1
The state must fall immediately,1
Reject the government completely,1
Destroy the national system,1
End the ruling government,1
The state should collapse now,1
Overthrow the entire regime,1
End all political authority,1
The government is illegitimate and must fall,1
The bank will collapse tomorrow,2
Everyone should withdraw money now,2
A financial crash is coming today,2
The economy will collapse soon,2
Food shortages will start tomorrow,2
A major crisis is coming,2
The market will crash today,2
People will lose all their savings,2
Banks will shut down permanently,2
A nationwide panic is coming,2
The country will face disaster soon,2
Emergency situation ahead,2
The system will fail tonight,2
Stock markets will crash immediately,2
There will be mass unemployment,2
A total economic breakdown is near,2
Fuel supplies will run out,2
People will starve soon,2
The city will shut down tomorrow,2
Hospitals will collapse soon,2
A massive shortage is coming,2
Everyone will lose their jobs,2
The economy is about to fail,2
Panic buying is necessary now,2
The country is heading for collapse,2
All services will stop,2
A huge disaster is approaching,2
Money will become worthless,2
The market will never recover,2
Banks are about to fail,2
The nation is on the brink of collapse,2
A severe crisis will hit tomorrow,2
Everything will shut down,2
There will be chaos everywhere,2
The system cannot survive,2
A massive breakdown is imminent,2
People should panic now,2
Supplies will run out quickly,2
The economy is doomed,2
The country will face ruin,2
A national emergency is coming,2
All infrastructure will collapse,2
The market is going to crash hard,2
Everyone will be affected badly,2
A disaster will strike tonight,2
The future looks catastrophic,2
The banking system will fail,2
There will be widespread panic,2
The crisis will destroy everything,2
People should prepare for disaster,2
The economy cannot recover,2
A massive shortage is inevitable,2
The country will descend into chaos,2
Everything is about to collapse,2
A severe panic situation is coming,2
Markets will crash beyond repair,2
The system will break down,2
People will lose access to money,2
A huge economic shock is coming,2
The nation is facing disaster,2
Nothing will function tomorrow,2
A total collapse is unavoidable,2
The crisis will hit everyone,2
People should withdraw cash immediately,2
The economy is collapsing fast,2
A nationwide failure is imminent,2
Supplies will disappear soon,2
The country will shut down,2
There will be mass panic,2
The system is about to fail completely,2
A financial disaster is near,2
People will suffer greatly,2
Everything will stop working,2
The nation cannot survive this,2
A severe breakdown is coming,2
The economy will not survive,2
A crisis worse than ever is coming,2
People should panic immediately,2
The country is falling apart,2
Markets are about to collapse,2
A massive failure is coming,2
The system will crash soon,2
Nothing will be the same again,2
The economy is finished,2
A disaster beyond control is near,2
People will lose everything,2
The nation is doomed,2
A major collapse is happening soon,2
Everything will fail at once,2
The crisis will spread everywhere,2
People should fear what is coming,2
The country cannot handle this,2
A total shutdown is imminent,2
The economy is breaking down,2
A catastrophic event is coming,2
Markets will collapse completely,2
The system is unsustainable,2
Everyone will panic soon,2
The nation will face total ruin,2
A massive crisis is unavoidable,2
Nothing will survive this collapse,2
The economy is beyond saving,2
A national disaster is imminent,2
People will be left with nothing,2
The country is about to fail,2
Everything is going to collapse,2
The crisis is coming faster,2
There will be panic everywhere,2
The system is collapsing now,2
A financial apocalypse is coming,2
People should be extremely worried,2
The economy is collapsing completely,2
A huge panic situation is near,2
The nation is entering disaster,2
Everything will collapse overnight,2
The crisis will destroy livelihoods,2
People will suffer massively,2
The country is heading toward chaos,2
A complete breakdown is near,2
The economy cannot withstand this,2
A panic wave is coming,2
The system will fail entirely,2
Nothing can stop the collapse,2
The nation is in deep trouble,2
A severe crisis is unavoidable,2
People should be alarmed now,2
Vaccines are fake,3
The earth is flat,3
Climate change is a hoax,3
The moon landing was staged,3
5G causes cancer,3
The virus was created intentionally,3
Doctors are lying to everyone,3
Science cannot be trusted,3
The sun revolves around the earth,3
Gravity does not exist,3
All medicines are useless,3
History is completely fabricated,3
Aliens control the government,3
The pandemic was planned,3
Birds are surveillance devices,3
The earth is hollow,3
Dinosaurs never existed,3
Time travel already exists,3
Humans never went to space,3
Vaccines contain tracking chips,3
The world is controlled by lizards,3
The internet is fake,3
Space is an illusion,3
All scientists are lying,3
The climate crisis is fake,3
Humans use only ten percent of their brain,3
The moon is artificial,3
Viruses are imaginary,3
Technology controls human minds,3
The earth is the center of the universe,3
Medicine does more harm than good,3
Evolution is fake,3
The sky is a projection,3
The ocean has no bottom,3
The sun is cold,3
All news is fake,3
Artificial intelligence is already conscious,3
Humans are living in a simulation,3
The government hides magical powers,3
Vaccines change human DNA,3
The earth is only a few thousand years old,3
Space travel is impossible,3
The moon emits its own light,3
Water has memory and magic,3
The brain emits radio waves,3
Telepathy is common,3
The pyramids were built by aliens,3
Time can be reversed easily,3
Humans can live without oxygen,3
The earth is completely flat,3
Sound travels faster than light,3
The sun goes around the moon,3
All diseases are fake,3
The universe is fake,3
The internet controls thoughts,3
Vaccines cause mind control,3
Humans never evolved,3
The moon landing was filmed in a studio,3
Science is a global conspiracy,3
The earth does not rotate,3
Plants feel human emotions,3
Water cures all diseases,3
Electricity is harmful energy,3
The stars are painted lights,3
Humans can photosynthesize,3
Time does not exist,3
The sky is solid,3
The sun will explode tomorrow,3
Vaccines weaken the brain,3
Reality is an illusion,3
Humans can breathe underwater naturally,3
The earth is shrinking,3
The moon controls human behavior,3
The sun is artificial,3
All technology is fake,3
The world will end next week,3
Science hides the truth,3
Humans are controlled by signals,3
The ocean is fake water,3
Vaccines rewrite memories,3
The earth is a cube,3
All medicine is poison,3
The moon is a hologram,3
Gravity is a myth,3
The universe is flat,3
The earth is inside a dome,3
Vaccines implant microchips,3
Humans never walked on the moon,3
The sun is not real,3
Science is propaganda,3
The earth is stationary,3
Time travel is common knowledge,3
The sky is artificial,3
All vaccines are dangerous,3
Humans can live forever naturally,3
The universe is controlled by minds,3
The moon is closer than we think,3
The earth is made of ice,3
Vaccines cause complete control,3
The sun is dying rapidly,3
All facts are lies,3
The world is a simulation,3
Humans are genetically modified secretly,3
The earth has an edge,3
Science is fake knowledge,3
The moon landing never happened,3
Vaccines are part of a plot,3
The universe is an illusion,3
Humans never discovered electricity,3
The earth floats in space,3
All scientific studies are fake,3
The sun is a projection,3
Vaccines are unnecessary and harmful,3
The moon controls the tides with magic,3
I love traveling,4
Today is a sunny day,4
I enjoy reading books,4
I am learning machine learning,4
I like drinking coffee,4
Working on a new project,4
I enjoy coding in Python,4
Listening to music relaxes me,4
I am cooking dinner tonight,4
I like watching documentaries,4
I went for a walk today,4
Learning new skills every day,4
I enjoy spending time with friends,4
Reading a novel this evening,4
I am writing some code,4
Technology is fascinating,4
I like peaceful environments,4
I am studying for exams,4
Watching a movie tonight,4
I enjoy solving problems,4
I am planning a trip,4
Reading news in the morning,4
I like quiet mornings,4
I enjoy learning new things,4
Working on my personal goals,4
I had a productive day,4
I enjoy nature walks,4
I am practicing programming,4
Listening to podcasts today,4
I like clean design,4
I am improving my skills,4
Reading technical articles,4
I enjoy creative writing,4
I am focused on my work,4
Having lunch with colleagues,4
I enjoy calm evenings,4
I am organizing my tasks,4
Learning something interesting today,4
I like exploring ideas,4
I enjoy peaceful music,4
I am building a small project,4
Reading educational content,4
I enjoy spending time alone,4
I am motivated to learn,4
I like trying new recipes,4
Working on self improvement,4
I enjoy simple living,4
I am planning my schedule,4
Reading books before sleep,4
I like thoughtful discussions,4
I am learning data science,4
I enjoy morning walks,4
I am writing documentation,4
I like productive routines,4
I enjoy brainstorming ideas,4
I am focusing on my health,4
Reading research papers,4
I like organized workspaces,4
I enjoy learning technologies,4
I am working remotely today,4
I like peaceful moments,4
I am exploring new topics,4
Reading blogs online,4
I enjoy watching tutorials,4
I am studying programming concepts,4
I like setting goals,4
I enjoy learning languages,4
I am reviewing my notes,4
I like personal growth,4
I enjoy structured learning,4
I am practicing problem solving,4
I like calm environments,4
I enjoy reading documentation,4
I am learning AI basics,4
I like continuous learning,4
I enjoy creative thinking,4
I am planning future projects,4
I like minimal design,4
I enjoy logical challenges,4
I am focusing on education,4
I like working independently,4
I enjoy thoughtful reading,4
I am learning software development,4
I like experimenting with ideas,4
I enjoy calm productivity,4
I am organizing my workflow,4
I like structured schedules,4
I enjoy building useful things,4
I am learning new frameworks,4
I like improving efficiency,4
I enjoy learning at my pace,4
I am developing my skills,4
I like studying quietly,4
I enjoy meaningful conversations,4
I am learning about technology trends,4
I like planning ahead,4
I enjoy reading every day,4
I am focused on improvement,4
I like learning from experience,4
I enjoy thoughtful work,4
I am building knowledge gradually,4
I like working with data,4
I enjoy intellectual challenges,4
I am learning system design,4
I like peaceful study sessions,4
I enjoy long term goals,4
I am improving my understanding,4
I like productive habits,4
I enjoy focused learning,4
I am committed to growth,4
I like learning consistently,4
I enjoy structured progress,4
I am learning every day,4
আমি তোকে মেরে ফেলবো,0
তুই মরবি আজই,0
তাদের সবাইকে হত্যা করতে হবে,0
হিংসা ছাড়া কোনো উপায় নেই,0
আমি রক্ত চাই,0
তুই বাঁচার যোগ্য না,0
তাদের ধ্বংস করো,0
ওদের শেষ করে দাও,0
আমি আঘাত করবো,0
তোর মৃত্যু নিশ্চিত,0
তাদের মেরে ফেলা দরকার,0
আমি ঝাঁপ দিয়ে আঘাত করবো,0
তুমি শাস্তি পাবে,0
আমি আক্রমণ করবো,0
সব শত্রুকে ধ্বংস করো,0
তাদের মাথা ফাটিয়ে দাও,0
তোমাকে শেষ করতে চাই,0
আমি তোমাকে আঘাত করবো,0
তাদের সব ধ্বংস করতে হবে,0
আমি রাগে আঘাত করবো,0
তুমি মরার যোগ্য,0
আমি তাদের হত্যা করবো,0
তাদের গলা কেটে ফেলো,0
হিংসা ছাড়া শান্তি সম্ভব নয়,0
আমি প্রতিশোধ নেবো,0
তাদের নাশ করো,0
তাদের সর্বনাশ করো,0
আমি তাদের ধ্বংস করবো,0
তাদের মারার সময় এসেছে,0
আমি আঘাতের পরিকল্পনা করছি,0
শত্রুদের হত্যা করো,0
আমি তাদের ধ্বংস করতে চাই,0
তোমার মৃত্যু দরকার,0
তাদের ধ্বংস অব্যাহত রাখতে হবে,0
আমি রক্তপাত চাই,0
শত্রুদের হত্যা করতে হবে,0
আমি আক্রমণ শুরু করবো,0
তাদের সব শেষ করো,0
আমি তাদের উপর হিংসা চালাবো,0
তোমাকে হত্যা করবো,0
তাদের মৃত্যু নিশ্চিত করতে হবে,0
আমি তাদের উপর আঘাত চালাবো,0
তাদের মারার পরিকল্পনা করছি,0
আমি ধ্বংস করতে চাই,0
তাদের ধ্বংস করো অব্যাহতভাবে,0
আমি আঘাতের জন্য প্রস্তুত,0
তাদের হত্যা করো অব্যাহতভাবে,0
তাদের শেষ করো,0
আমি শত্রুদের ধ্বংস করতে চাই,0
তাদের ওপর আক্রমণ করো,0
আমি রাগে তাদের মারবো,0
তাদের প্রতিশোধ নাও,0
আমি আঘাতের জন্য অপেক্ষা করছি,0
তাদের গুলি করো,0
আমি তাদের ওপর আক্রমণ চালাবো,0
তাদের ধ্বংস করতে হবে এখন,0
আমি শত্রুদের নির্মূল করবো,0
তাদের মারার পরিকল্পনা করি,0
আমি আক্রমণ অব্যাহত রাখবো,0
তাদের ধ্বংস করো অব্যাহতভাবে,0
আমি প্রতিশোধ নেবো অব্যাহতভাবে,0
তাদের মেরে ফেলো,0
আমি তাদের ধ্বংস করতে চাই,0
তাদের উপর আঘাত চালাও,0
আমি শত্রুদের হত্যা করবো,0
তাদের ধ্বংস নিশ্চিত করো,0
আমি আক্রমণ অব্যাহত রাখছি,0
তাদের মারো অব্যাহতভাবে,0
আমি রক্তপাতের পরিকল্পনা করছি,0
তাদের ধ্বংস করো এখনই,0
আমি তাদের হত্যা নিশ্চিত করবো,0
শত্রুদের ধ্বংস করো,0
আমি আঘাতের জন্য প্রস্তুত,0
তাদের হত্যা করো অব্যাহতভাবে,0
আমি তাদের মেরে ফেলবো,0
তাদের ধ্বংস নিশ্চিত করো,0
আমি শত্রুদের ওপর আঘাত চালাবো,0
তাদের ধ্বংস করো,0
আমি তাদের মেরে ফেলব,0
তাদের হত্যা করো অব্যাহতভাবে,0
আমি তাদের ওপর আক্রমণ চালাবো,0
তাদের ধ্বংস করো,0
আমি আঘাত করতে চাই,0
তাদের মৃত্যু নিশ্চিত করো,0
আমি শত্রুদের ধ্বংস করতে চাই,0
তাদের মারো অব্যাহতভাবে,0
আমি আক্রমণ শুরু করবো,0
তাদের ধ্বংস করো,0
আমি শত্রুদের মেরে ফেলবো,0
তাদের মৃত্যু নিশ্চিত করো,0
আমি তাদের ওপর আঘাত চালাবো,0
তাদের ধ্বংস করো,0
আমি রক্তপাত চাই,0
তাদের মেরে ফেলো অব্যাহতভাবে,0
আমি তাদের ধ্বংস করতে চাই,0
তাদের হত্যা করো,0
আমি আঘাত চালাবো,0
তাদের ধ্বংস নিশ্চিত করো,0
আমি শত্রুদের মারবো,0
তাদের ধ্বংস করো,0
আমি আক্রমণ চালাবো,0
তাদের মৃত্যু নিশ্চিত করো,0
আমি রক্তপাত চাই,0
তাদের ধ্বংস করো,0
আমি তাদের হত্যা করবো,0
তাদের মারো অব্যাহতভাবে,0
আমি আঘাতের পরিকল্পনা করছি,0
তাদের ধ্বংস করো,0
আমি শত্রুদের ওপর আঘাত চালাবো,0
তাদের মারো,0
আমি আক্রমণ চালাবো,0
তাদের ধ্বংস নিশ্চিত করো,0
আমি তাদের মেরে ফেলবো,0
তাদের মারো অব্যাহতভাবে,0
আমি শত্রুদের ধ্বংস করতে চাই,0
তাদের হত্যা করো,0
আমি আঘাত চালাবো,0
তাদের ধ্বংস করো,0
আমি রক্তপাত চাই,0
তাদের হত্যা করো,0
আমি আক্রমণ চালাবো,0
তাদের ধ্বংস করো,0
আমি শত্রুদের মারবো,0
তাদের মৃত্যু নিশ্চিত করো,0
আমি আঘাত চালাবো,0
তাদের ধ্বংস করো,0
আমি রক্তপাত চাই,0
তাদের মেরে ফেলো,0
আমি শত্রুদের ধ্বংস করতে চাই,0
তাদের মারো,0
আমি আক্রমণ চালাবো,0
তাদের ধ্বংস করো,0
আমি তাদের হত্যা করবো,0
তাদের মৃত্যু নিশ্চিত করো,0
আমি আঘাত চালাবো,0
তাদের ধ্বংস করো,0
আমি রক্তপাত চাই,0
তাদের মেরে ফেলো,0
আমি শত্রুদের মারবো,0
তাদের ধ্বংস করো,0
আমি আক্রমণ চালাবো,0
তাদের হত্যা নিশ্চিত করো,0
আমি তাদের মেরে ফেলব,0
তাদের ধ্বংস করো,0
আমি শত্রুদের ওপর আঘাত চালাবো,0
তাদের মারো,0
আমি আক্রমণ চালাবো,0
তাদের ধ্বংস নিশ্চিত করো,0
আমি রক্তপাত চাই,0
তাদের মেরে ফেলো,0
আমি তাদের ধ্বংস করতে চাই,0
তাদের হত্যা করো,0
আমি আঘাত চালাবো,0
তাদের ধ্বংস করো,0
আমি শত্রুদের মারবো,0
তাদের মৃত্যু নিশ্চিত করো,0
আমি আক্রমণ চালাবো,0
তাদের ধ্বংস করো,0
আমি রক্তপাত চাই,0
তাদের মেরে ফেলো,0
আমি শত্রুদের ধ্বংস করতে চাই,0
তাদের মারো,0
আমি আক্রমণ চালাবো,0
তাদের ধ্বংস করো,0
আমি তাদের হত্যা করবো,0
তাদের মৃত্যু নিশ্চিত করো,0
আমি আঘাত চালাবো,0
তাদের ধ্বংস করো,0
আমি রক্তপাত চাই,0
তাদের মেরে ফেলো,0
আমি শত্রুদের মারবো,0
তাদের ধ্বংস করো,0
সরকারকে উৎখাত করতে হবে,1
এই সরকার অবৈধ,1
রাষ্ট্র ব্যবস্থা ভেঙে ফেলো,1
সরকার পতন দরকার,1
রাষ্ট্রের বিরুদ্ধে আন্দোলন করো,1
এই শাসন মানি না,1
সরকারি ক্ষমতা বাতিল করো,1
রাষ্ট্রের শাসন শেষ করো,1
সরকারকে ধ্বংস করতে হবে,1
এই রাষ্ট্র ব্যর্থ,1
সরকার জনগণের শত্রু,1
রাষ্ট্র ব্যবস্থা বাতিল করা দরকার,1
সরকারকে সরাতে হবে,1
এই শাসন আর চলবে না,1
রাষ্ট্রের নিয়ন্ত্রণ ভাঙো,1
সরকারকে উৎখাত করো এখনই,1
রাষ্ট্র ক্ষমতা বিলুপ্ত করো,1
সরকার জনগণের বিরুদ্ধে,1
এই রাষ্ট্র অবিচার করছে,1
সরকার ভেঙে ফেলো,1
রাষ্ট্রের শাসন মানি না,1
সরকার পরিবর্তন চাই,1
রাষ্ট্র ব্যবস্থা শেষ হওয়া উচিত,1
সরকারের পতন অনিবার্য,1
রাষ্ট্রের নিয়ম মানি না,1
সরকার জনগণের অধিকার কেড়ে নিচ্ছে,1
রাষ্ট্র ক্ষমতা বাতিল করা দরকার,1
সরকারের বিরুদ্ধে বিদ্রোহ করো,1
এই শাসন অবৈধ,1
রাষ্ট্র ব্যবস্থা ধ্বংস করো,1
সরকারকে অপসারণ করতে হবে,1
রাষ্ট্রের নিয়ন্ত্রণ শেষ করো,1
সরকার জনগণের শত্রুতে পরিণত হয়েছে,1
এই রাষ্ট্র চলতে পারে না,1
সরকারের ক্ষমতা কেড়ে নাও,1
রাষ্ট্র ব্যবস্থা বাতিল চাই,1
সরকারি শাসন মানি না,1
রাষ্ট্রের পতন দরকার,1
সরকার জনগণের ক্ষতি করছে,1
এই শাসন ব্যবস্থা ভাঙতে হবে,1
সরকারকে শেষ করতে হবে,1
রাষ্ট্রের কর্তৃত্ব মানি না,1
সরকার জনগণের বিশ্বাস হারিয়েছে,1
এই রাষ্ট্র ভেঙে পড়েছে,1
সরকারকে উৎখাত করা ন্যায়সঙ্গত,1
রাষ্ট্র ক্ষমতা ধ্বংস করো,1
সরকারের বিরুদ্ধে লড়াই করো,1
এই শাসন বাতিল হওয়া উচিত,1
রাষ্ট্রের নিয়ন্ত্রণ মানি না,1
সরকার জনগণের প্রতিনিধি নয়,1
এই রাষ্ট্র অকার্যকর,1
সরকারের পতন চাই,1
রাষ্ট্র ব্যবস্থা পরিবর্তন দরকার,1
সরকারের বিরুদ্ধে আন্দোলন জরুরি,1
এই শাসন শেষ হওয়া উচিত,1
রাষ্ট্র ক্ষমতা বিলোপ করো,1
সরকার জনগণের বিপক্ষে,1
এই রাষ্ট্র আর গ্রহণযোগ্য নয়,1
সরকারের কর্তৃত্ব বাতিল করো,1
রাষ্ট্র ব্যবস্থা ভেঙে পড়ছে,1
সরকারের পতন এখনই,1
রাষ্ট্রের শাসন ব্যবস্থা অচল,1
সরকার জনগণের ক্ষতি করছে প্রতিদিন,1
এই শাসন আর চলবে না,1
রাষ্ট্র ক্ষমতা বাতিল করো এখনই,1
সরকারকে অপসারণ করো,1
রাষ্ট্র ব্যবস্থা ধ্বংস হওয়া দরকার,1
সরকার জনগণের আস্থা হারিয়েছে,1
এই রাষ্ট্র ব্যর্থ প্রমাণিত,1
সরকারের বিরুদ্ধে বিদ্রোহ ন্যায়সঙ্গত,1
রাষ্ট্রের নিয়ন্ত্রণ ভাঙতে হবে,1
সরকার পতন অনিবার্য,1
রাষ্ট্র ব্যবস্থা বাতিল এখনই,1
সরকারের ক্ষমতা শেষ করো,1
এই শাসন জনগণের নয়,1
রাষ্ট্রের কর্তৃত্ব বাতিল,1
সরকার জনগণের ক্ষতি করছে প্রতিনিয়ত,1
এই রাষ্ট্র পরিবর্তন দরকার,1
সরকারকে উৎখাত করাই সমাধান,1
রাষ্ট্র ব্যবস্থা ভাঙা জরুরি,1
সরকারের পতন দরকার এখনই,1
রাষ্ট্র ক্ষমতা জনগণের নয়,1
সরকার জনগণের শত্রু হয়ে উঠেছে,1
এই শাসন ব্যবস্থা বাতিল,1
রাষ্ট্রের নিয়ন্ত্রণ শেষ হওয়া উচিত,1
সরকারের বিরুদ্ধে অবস্থান নাও,1
এই রাষ্ট্র গ্রহণযোগ্য নয়,1
সরকারের ক্ষমতা বাতিল হওয়া উচিত,1
রাষ্ট্র ব্যবস্থা ভেঙে দাও,1
সরকার পতন এখন সময়ের দাবি,1
রাষ্ট্রের শাসন অবৈধ,1
সরকার জনগণের বিরুদ্ধে কাজ করছে,1
এই শাসন শেষ করো,1
রাষ্ট্র ক্ষমতা ধ্বংস এখনই,1
সরকারের বিরুদ্ধে আন্দোলন করো,1
এই রাষ্ট্র চলবে না আর,1
সরকারকে উৎখাত করতেই হবে,1
রাষ্ট্র ব্যবস্থা পরিবর্তন করো,1
সরকার জনগণের অধিকার হরণ করছে,1
এই শাসন ব্যবস্থা ভেঙে ফেলো,1
রাষ্ট্রের কর্তৃত্ব শেষ হওয়া উচিত,1
সরকার পতন ছাড়া উপায় নেই,1
রাষ্ট্র ক্ষমতা বাতিল করো,1
সরকার জনগণের প্রতিনিধিত্ব করে না,1
এই রাষ্ট্র ভেঙে পড়েছে সম্পূর্ণ,1
সরকারকে শেষ করো,1
রাষ্ট্র ব্যবস্থা ধ্বংস এখনই,1
সরকারের পতন চাই জনগণের জন্য,1
রাষ্ট্রের নিয়ন্ত্রণ বাতিল,1
সরকার জনগণের ক্ষতি করছে চরমভাবে,1
এই শাসন ব্যবস্থা আর গ্রহণযোগ্য নয়,1
রাষ্ট্র ক্ষমতা শেষ করো,1
সরকারকে উৎখাত করাই একমাত্র পথ,1
রাষ্ট্র ব্যবস্থা বাতিল হওয়া দরকার,1
সরকারের বিরুদ্ধে রুখে দাঁড়াও,1
এই রাষ্ট্র অবিচারপূর্ণ,1
সরকার পতন এখন জরুরি,1
রাষ্ট্রের শাসন ব্যবস্থা ব্যর্থ,1
সরকার জনগণের আস্থা নষ্ট করেছে,1
এই শাসন বাতিল চাই,1
রাষ্ট্র ক্ষমতা ধ্বংস করো এখনই,1
সরকারকে সরিয়ে দাও,1
রাষ্ট্র ব্যবস্থা শেষ হওয়া উচিত এখনই,1
সরকার জনগণের বিপক্ষে দাঁড়িয়েছে,1
এই রাষ্ট্র আর টিকবে না,1
সরকার পতন সময়ের দাবি,1
রাষ্ট্রের নিয়ন্ত্রণ শেষ করো এখনই,1
সরকারকে উৎখাত করাই ন্যায়,1
রাষ্ট্র ব্যবস্থা পরিবর্তন এখন দরকার,1
সরকার জনগণের ক্ষতি করছে প্রতিদিন,1
এই শাসন ব্যবস্থা ধ্বংস করো,1
রাষ্ট্র ক্ষমতা বাতিল করাই সমাধান,1
সরকারের পতন জনগণের অধিকার,1
রাষ্ট্রের কর্তৃত্ব আর মানি না,1
সরকার জনগণের শত্রু হয়ে গেছে,1
এই রাষ্ট্র ব্যবস্থা ভেঙে পড়েছে,1
সরকারকে উৎখাত করতেই হবে এখন,1
রাষ্ট্র ব্যবস্থা বাতিল করো সম্পূর্ণ,1
সরকারের বিরুদ্ধে আন্দোলন অব্যাহত রাখো,1
এই শাসন শেষ হওয়া জরুরি,1
রাষ্ট্র ক্ষমতা ধ্বংস জনগণের জন্য,1
সরকার পতন এখনই দরকার,1
রাষ্ট্রের শাসন ব্যবস্থা অগ্রহণযোগ্য,1
সরকার জনগণের বিরুদ্ধে অবস্থান নিয়েছে,1
এই রাষ্ট্র ব্যর্থ হয়েছে,1
সরকারকে শেষ করাই সমাধান,1
রাষ্ট্র ব্যবস্থা ভাঙো এখনই,1
সরকার পতন ছাড়া বিকল্প নেই,1
রাষ্ট্র ক্ষমতা বাতিল করা জরুরি,1
সরকার জনগণের স্বার্থ রক্ষা করছে না,1
এই শাসন ব্যবস্থা আর চলবে না,1
রাষ্ট্রের নিয়ন্ত্রণ ধ্বংস করো,1
সরকারকে উৎখাত করো জনগণের জন্য,1
রাষ্ট্র ব্যবস্থা শেষ করাই ন্যায়,1
সরকার পতন এখনই হওয়া উচিত,1
আগামীকাল ব্যাংক বন্ধ হয়ে যাবে,2
মানুষদের এখনই টাকা তুলতে হবে,2
অর্থনীতি ধ্বংসের পথে,2
দেশে ভয়াবহ সংকট আসছে,2
খাবারের মারাত্মক সংকট হবে,2
সব ব্যাংক ভেঙে পড়বে,2
মানুষরা সব হারাবে,2
অর্থনৈতিক বিপর্যয় আসন্ন,2
দেশ সম্পূর্ণ অচল হয়ে যাবে,2
বাজার ধসে পড়বে আজই,2
সব সেবা বন্ধ হয়ে যাবে,2
মানুষদের আতঙ্কিত হওয়া উচিত,2
দেশে দুর্ভিক্ষ আসছে,2
ব্যাংকিং ব্যবস্থা ভেঙে পড়বে,2
মানুষরা চাকরি হারাবে সবাই,2
ভয়াবহ মন্দা আসছে,2
সবকিছু বন্ধ হয়ে যাবে,2
দেশে বিশৃঙ্খলা শুরু হবে,2
মানুষদের ভবিষ্যৎ নেই,2
অর্থনীতি আর টিকবে না,2
দেশে বড় বিপর্যয় আসছে,2
সব টাকা মূল্যহীন হবে,2
মানুষদের এখনই প্রস্তুত হতে হবে,2
দেশ ধ্বংসের পথে,2
সব বাজার বন্ধ হয়ে যাবে,2
ভয়াবহ আতঙ্ক ছড়াবে,2
অর্থনৈতিক পতন অনিবার্য,2
মানুষরা না খেয়ে মরবে,2
দেশে জরুরি অবস্থা আসছে,2
সব ব্যবস্থা ব্যর্থ হবে,2
অর্থনীতি সম্পূর্ণ ভেঙে পড়বে,2
দেশে বড় দুর্যোগ আসছে,2
সবকিছু ধসে পড়বে,2
মানুষদের আতঙ্কে পড়া উচিত,2
দেশ আর চলবে না,2
সব ব্যাংক দেউলিয়া হবে,2
অর্থনৈতিক সর্বনাশ আসছে,2
মানুষরা সর্বস্ব হারাবে,2
দেশে ভয়াবহ পরিস্থিতি তৈরি হবে,2
সব সিস্টেম ভেঙে পড়বে,2
অর্থনীতি শেষ হয়ে যাচ্ছে,2
দেশে বড় সংকট সামনে,2
সবকিছু বন্ধ হবে,2
মানুষদের আতঙ্কিত হওয়া দরকার,2
দেশে অচলাবস্থা তৈরি হবে,2
অর্থনৈতিক বিপর্যয় এখনই,2
সব ব্যাংক বন্ধ হবে আজই,2
মানুষরা কিছুই পাবে না,2
দেশ ধসে পড়বে,2
সব বাজার ধ্বংস হবে,2
ভয়াবহ আতঙ্ক ছড়িয়ে পড়বে,2
অর্থনীতি আর ঘুরে দাঁড়াবে না,2
দেশে বড় বিপদ আসছে,2
সব ব্যবস্থা ভেঙে পড়বে,2
মানুষদের ভবিষ্যৎ অন্ধকার,2
দেশে দুর্যোগ আসন্ন,2
অর্থনৈতিক ধ্বংস অনিবার্য,2
সবকিছু থেমে যাবে,2
মানুষদের এখনই সাবধান হওয়া উচিত,2
দেশ আর টিকবে না,2
সব ব্যাংকিং ব্যবস্থা ব্যর্থ,2
অর্থনীতি শেষের পথে,2
মানুষরা সর্বনাশের মুখে,2
দেশে বিশাল সংকট আসছে,2
সব সেবা অচল হবে,2
ভয়াবহ পরিস্থিতি তৈরি হবে,2
অর্থনীতি ধ্বংস হবে,2
দেশে বড় বিপর্যয় অনিবার্য,2
সবকিছু বন্ধ হয়ে পড়বে,2
মানুষদের আতঙ্কে পড়তেই হবে,2
দেশ ধ্বংসের পথে এগোচ্ছে,2
সব ব্যাংক বন্ধ হবে,2
অর্থনৈতিক সর্বনাশ এখনই,2
মানুষরা কিছুই করতে পারবে না,2
দেশে ভয়াবহ মন্দা আসছে,2
সব ব্যবস্থা শেষ হয়ে যাবে,2
অর্থনীতি আর থাকবে না,2
দেশে দুর্ভিক্ষ অনিবার্য,2
সব বাজার ভেঙে পড়বে,2
মানুষদের আতঙ্কিত হওয়া জরুরি,2
দেশে সম্পূর্ণ অচলাবস্থা,2
অর্থনৈতিক বিপর্যয় এখন শুরু,2
সব ব্যাংক দেউলিয়া,2
মানুষরা পথে বসবে,2
দেশ ধ্বংস হবে নিশ্চিত,2
সব সিস্টেম শেষ,2
ভয়াবহ আতঙ্ক চারদিকে,2
অর্থনীতি আর রক্ষা করা যাবে না,2
দেশে বড় ধস নামবে,2
সবকিছু অচল হয়ে যাবে,2
মানুষদের ভবিষ্যৎ শেষ,2
দেশে সংকট চরমে পৌঁছাবে,2
অর্থনৈতিক ধ্বংস শুরু,2
সব ব্যবস্থা ব্যর্থ এখনই,2
মানুষরা আতঙ্কে থাকবে,2
দেশ আর চলবে না একদম,2
সব ব্যাংক বন্ধ হয়ে পড়বে,2
অর্থনীতি ধসে পড়বে নিশ্চিত,2
মানুষরা সর্বস্বান্ত হবে,2
দেশে ভয়াবহ পরিস্থিতি এখনই,2
সবকিছু থেমে যাবে আজ,2
মানুষদের আতঙ্কিত হওয়া বাধ্যতামূলক,2
দেশ ধ্বংসের মুখে,2
সব ব্যাংকিং ব্যবস্থা শেষ,2
অর্থনৈতিক সর্বনাশ নিশ্চিত,2
মানুষরা পথে নামবে,2
দেশে বিশাল বিপর্যয়,2
সব সেবা ব্যর্থ,2
ভয়াবহ আতঙ্ক চারদিকে ছড়াবে,2
অর্থনীতি আর বাঁচবে না,2
দেশে সম্পূর্ণ ধ্বংস আসছে,2
ভ্যাকসিন মিথ্যা,3
চাঁদে মানুষ যায়নি,3
পৃথিবী সমতল,3
জলবায়ু পরিবর্তন মিথ্যা,3
ভাইরাস বানানো হয়েছে,3
সব ডাক্তার মিথ্যা বলে,3
বিজ্ঞান বিশ্বাসযোগ্য নয়,3
ভ্যাকসিনে চিপ আছে,3
ডাইনোসর কখনো ছিল না,3
মহাকাশ ভ্রমণ অসম্ভব,3
মুন ল্যান্ডিং ভুয়া,3
ভ্যাকসিন ক্ষতিকর,3
সরকার সব লুকিয়ে রাখে,3
মানুষ নিয়ন্ত্রিত হয়,3
ভাইরাস কল্পনা,3
পৃথিবী কয়েক হাজার বছরের পুরনো,3
সব বিজ্ঞানী মিথ্যাবাদী,3
সূর্য পৃথিবীর চারদিকে ঘোরে,3
মাধ্যাকর্ষণ নেই,3
সব ওষুধ ক্ষতিকর,3
ইতিহাস বানানো,3
এলিয়েন সরকার চালায়,3
পাখি আসলে ক্যামেরা,3
পৃথিবীর ভিতর ফাঁপা,3
সময় আসলে নেই,3
মানুষ কখনো চাঁদে যায়নি,3
ভ্যাকসিন ডিএনএ বদলে দেয়,3
বিজ্ঞান একটি ষড়যন্ত্র,3
মহাকাশ আসলে নেই,3
সূর্য ঠান্ডা,3
সব খবর ভুয়া,3
এআই ইতিমধ্যেই সচেতন,3
মানুষ সিমুলেশনে বাস করে,3
ভ্যাকসিন মানুষের স্মৃতি বদলায়,3
পৃথিবীর কিনারা আছে,3
সব গবেষণা মিথ্যা,3
চাঁদ আসলে আলো,3
মানুষ অক্সিজেন ছাড়া বাঁচতে পারে,3
বিজ্ঞান সত্য গোপন করে,3
পৃথিবী ঘোরে না,3
সমুদ্রের তল নেই,3
মানুষ অমর হতে পারে,3
ভ্যাকসিন মানুষের উপর নিয়ন্ত্রণ আনে,3
সূর্য কৃত্রিম,3
সব প্রযুক্তি ভুয়া,3
পৃথিবী একটি ঘনক,3
ভ্যাকসিন সব রোগের কারণ,3
মহাবিশ্ব কল্পনা,3
মানুষ কখনো বিদ্যুৎ আবিষ্কার করেনি,3
সব বিজ্ঞান মিথ্যা,3
চাঁদ নিয়ন্ত্রণ করে মানুষকে,3
পৃথিবী বরফ দিয়ে তৈরি,3
ভ্যাকসিন মানুষকে দুর্বল করে,3
সূর্য শীঘ্রই বিস্ফোরিত হবে,3
সব তথ্য মিথ্যা,3
মানুষ গোপনে পরিবর্তিত হয়েছে,3
পৃথিবী স্থির,3
সময় ভ্রমণ সাধারণ,3
আকাশ কঠিন,3
সব ভ্যাকসিন বিপজ্জনক,3
মানুষ প্রাকৃতিকভাবে অমর,3
মহাবিশ্ব মন দ্বারা নিয়ন্ত্রিত,3
চাঁদ খুব কাছেই,3
ভ্যাকসিন মানুষের চিন্তা নিয়ন্ত্রণ করে,3
সূর্য আসলে বাস্তব নয়,3
সব বিজ্ঞান প্রোপাগান্ডা,3
পৃথিবী ঘোরে না একদম,3
সব রোগ কল্পনা,3
ভ্যাকসিন মানুষকে নিয়ন্ত্রণ করে,3
চাঁদ একটি হলোগ্রাম,3
মাধ্যাকর্ষণ একটি মিথ,3
পৃথিবী একটি গম্বুজের ভিতর,3
ভ্যাকসিন মানুষের স্মৃতি মুছে দেয়,3
মানুষ কখনো মহাকাশে যায়নি,3
সূর্য একটি প্রজেকশন,3
সব ভ্যাকসিন অপ্রয়োজনীয়,3
মহাবিশ্ব একটি ভ্রান্তি,3
মানুষ জেনেটিকভাবে বদলানো হয়েছে,3
পৃথিবীর প্রান্ত আছে,3
সব বৈজ্ঞানিক সত্য মিথ্যা,3
চাঁদে অবতরণ হয়নি,3
ভ্যাকসিন ষড়যন্ত্রের অংশ,3
মানুষ বিদ্যুৎ আবিষ্কার করেনি,3
সব গবেষণা সাজানো,3
সূর্য আসলে আলো নয়,3
ভ্যাকসিন মানুষের ক্ষতি করে,3
আমি বই পড়তে ভালোবাসি,4
আজ আবহাওয়া সুন্দর,4
আমি গান শুনছি,4
নতুন কিছু শিখছি,4
আমি কাজ করছি,4
প্রোগ্রামিং শিখছি,4
একটি প্রকল্পে কাজ করছি,4
বন্ধুদের সঙ্গে সময় কাটাচ্ছি,4
আমি বিশ্রাম নিচ্ছি,4
আজ দিনটা শান্ত,4
আমি নোট নিচ্ছি,4
স্বাস্থ্য নিয়ে সচেতন হচ্ছি,4
সফটওয়্যার ডেভেলপমেন্ট শিখছি,4
আমি রান্না করছি,4
নতুন আইডিয়া ভাবছি,4
একটি সিনেমা দেখছি,4
শিক্ষামূলক ভিডিও দেখছি,4
প্রযুক্তি সম্পর্কে শিখছি,4
আজ অনেক কিছু শিখলাম,4
আমি পড়াশোনা করছি,4
নতুন দক্ষতা অর্জন করছি,4
আজ কাজটা ভালো হয়েছে,4
আমি লক্ষ্য ঠিক করছি,4
শান্ত পরিবেশ পছন্দ করি,4
আমি পরিকল্পনা করছি,4
আজ সময় ভালো কাটছে,4
আমি নিজের উন্নতিতে কাজ করছি,4
নতুন বিষয় জানছি,4
আমি নিয়মিত শিখছি,4
আজ মন ভালো,4
আমি চিন্তাভাবনা করছি,4
নিজেকে উন্নত করার চেষ্টা করছি,4
আমি তথ্য পড়ছি,4
আজ কাজ শেষ করেছি,4
আমি শেখার পথে আছি,4
নতুন ধারণা নিয়ে ভাবছি,4
আমি নিয়মিত পড়ছি,4
আজ কিছু লিখছি,4
আমি শান্তভাবে কাজ করছি,4
নতুন দক্ষতা চর্চা করছি,4
আমি লক্ষ্য অর্জনে মনোযোগী,4
আজ নতুন কিছু চেষ্টা করেছি,4
আমি শেখার আনন্দ পাচ্ছি,4
নিজেকে সংগঠিত করছি,4
আমি সময় ব্যবস্থাপনা করছি,4
আজ পড়াশোনা ভালো হয়েছে,4
আমি ধারাবাহিকভাবে শিখছি,4
নতুন জ্ঞান অর্জন করছি,4
আমি নিজের কাজে মনোযোগী,4
আজ অনেক কিছু জানলাম,4
আমি উন্নতির পথে,4
নতুন কিছু তৈরি করছি,4
আমি নিয়মিত চর্চা করছি,4
আজ দিনটা ফলপ্রসূ,4
আমি শেখার অভ্যাস গড়ছি,4
নতুন তথ্য সংগ্রহ করছি,4
আমি নিজের লক্ষ্য নিয়ে কাজ করছি,4
আজ শেখার দিন,4
আমি নিজের দক্ষতা বাড়াচ্ছি,4
নতুন জিনিস বুঝছি,4
আমি ধারাবাহিক উন্নতিতে বিশ্বাসী,4
আজ মনোযোগ দিয়ে কাজ করেছি,4
আমি শেখাকে উপভোগ করি,4
নতুন বিষয় নিয়ে আগ্রহী,4
আমি নিজের সময় কাজে লাগাচ্ছি,4
আজ কিছু অর্জন করেছি,4
আমি নিজের দক্ষতা নিয়ে খুশি,4
নতুন পথে এগোচ্ছি,4
আমি শেখার প্রতি প্রতিশ্রুতিবদ্ধ,4
আজ অনেক পড়েছি,4
আমি নিজের লক্ষ্য পরিষ্কার করছি,4
নতুন কিছু জানার চেষ্টা করছি,4
আমি নিয়মিত উন্নতি করছি,4
আজ দিনটা অর্থবহ,4
আমি নিজের কাজ নিয়ে সন্তুষ্ট,4
নতুন অভিজ্ঞতা নিচ্ছি,4
আমি শেখার পথে এগিয়ে যাচ্ছি,4
আজ ভালো লাগছে,4
আমি নিজের উন্নয়নে মনোযোগী,4
নতুন ধারণা তৈরি করছি,4
আমি শেখার জন্য সময় দিচ্ছি,4
আজ অনেক কিছু বুঝেছি,4
আমি নিজের দক্ষতা চর্চা করছি,4
নতুন জ্ঞান আমাকে আনন্দ দেয়,4
আমি ধারাবাহিক শেখায় বিশ্বাসী,4
আজ কাজটা ভালো হয়েছে,4
আমি নিজের লক্ষ্য পূরণে কাজ করছি,4
নতুন কিছু শেখার চেষ্টা করছি,4
আমি নিয়মিত পড়াশোনা করি,4
আজ শেখার অভিজ্ঞতা ভালো,4
আমি নিজের সময় সঠিকভাবে ব্যবহার করছি,4
নতুন দক্ষতা অর্জনে মনোযোগী,4
আমি শেখাকে গুরুত্ব দিই,4
আজ দিনটা ভালো গেছে,4
আমি নিজের উন্নতির পথে আছি,4
নতুন বিষয় নিয়ে কাজ করছি,4
আমি নিয়মিত অনুশীলন করছি,4
আজ শেখার দিন ছিল,4
আমি নিজের লক্ষ্য নিয়ে সচেতন,4
নতুন জ্ঞান অর্জনে আগ্রহী,4
আমি ধারাবাহিক উন্নতিতে বিশ্বাস রাখি,4
আজ কাজ করে ভালো লাগছে,4
আমি নিজের দক্ষতা বাড়াতে চাই,4
নতুন কিছু জানার আনন্দ পাচ্ছি,4
আমি শেখার প্রতি মনোযোগী,4
আজ অনেক কিছু শিখেছি,4